,Caso,f_bistable,f_flutter,U_bistable,U_flutter,L,$f_{kh}1$,$f_{kh}2$,$f_n1$,$f_n2$
4,L4,21.0,22.0,13.807090837072902,14.558997797538497,7.0,12.622164819026853,13.451446998078374,4.630267874837795,29.01739345226762
3,L3,14.9,21.6,9.220458378232765,14.25823501335226,8.0,7.77524786078214,13.118680370642,3.5450488416726866,22.2164418618924
5,L5,14.2,22.5,8.694123505906846,14.934951277771296,9.0,7.245730801072867,13.869340182517755,2.8010262452722468,17.553731841495235
2,L2,14.4,25.5,8.844504897999967,17.190672159168084,10.5,7.396384170725636,16.419603212605537,2.057896833261243,12.896619312118945
0,L0,11.9,16.3,6.9647374968359745,10.2731281228846,13.0,5.552606935236969,8.85226637267828,1.342503703355337,8.413327095627892
1,L1,10.2,16.8,5.68649566404446,10.649081603117398,15.5,4.353363013488107,9.242422431192429,0.9443626466890821,5.918219684333459
